time_bin,avg_turns,session_count,frac_ge2,frac_ge3
0,85.0,1,1.0,1.0
14400,1.0,1,0.0,0.0
18000,5.0,1,1.0,1.0
25200,5.0,2,0.5,0.5
28800,1914.0,1,1.0,1.0
61200,28.8,10,1.0,0.9
64800,581.0,2,1.0,0.5
93600,8.0,1,1.0,1.0
97200,6.5,2,0.5,0.5
104400,596.0,1,1.0,1.0
126000,251.5,2,1.0,1.0
136800,1078.0,2,1.0,1.0
198000,464.0,1,1.0,1.0
212400,2050.0,1,1.0,1.0
273600,7.0,1,1.0,1.0
277200,1.0,1,0.0,0.0
284400,542.0,1,1.0,1.0
313200,547.0,2,1.0,1.0
356400,8.0,1,1.0,1.0
360000,10.0,1,1.0,1.0
363600,2.0,1,1.0,0.0
374400,1328.0,1,1.0,1.0
417600,812.0,1,1.0,1.0
446400,11.0,2,0.5,0.5
457200,77.0,1,1.0,1.0
464400,279.0,1,1.0,1.0
468000,121.375,8,0.75,0.75
486000,35.857142857142854,7,0.8571428571428571,0.42857142857142855
489600,59.833333333333336,6,0.8333333333333334,0.8333333333333334
493200,717.0,1,1.0,1.0
507600,8.0,1,1.0,1.0
511200,18.22222222222222,9,0.4444444444444444,0.4444444444444444
514800,36.5,10,0.8,0.5
540000,9.0,1,1.0,1.0
543600,202.0,1,1.0,1.0
550800,1.4757281553398058,103,0.1262135922330097,0.04854368932038835
554400,9.907142857142857,140,0.06428571428571428,0.014285714285714285
572400,235.0,2,1.0,1.0
583200,1020.0,1,1.0,1.0
612000,2.5,2,0.5,0.5
615600,1.0,1,0.0,0.0
622800,8.0,1,1.0,1.0
630000,1.0,1,0.0,0.0
633600,418.0,1,1.0,1.0
640800,53.2,5,1.0,0.8
648000,22.75,12,0.4166666666666667,0.3333333333333333
655200,115.5,2,1.0,1.0
658800,69.2,5,1.0,1.0
662400,37.0,4,1.0,0.75
666000,139.66666666666666,3,1.0,1.0
669600,62.5,4,0.5,0.5
676800,205.0,1,1.0,1.0
680400,378.0,1,1.0,1.0
684000,7.0,5,0.6,0.6
687600,18.666666666666668,15,0.7333333333333333,0.5333333333333333
691200,57.25,4,0.75,0.75
712800,22.0,1,1.0,1.0
720000,7.75,4,0.5,0.25
723600,12.695652173913043,23,0.9565217391304348,0.8260869565217391
727200,28.52173913043478,23,0.782608695652174,0.5652173913043478
730800,387.0,1,1.0,1.0
741600,2.124561403508772,570,0.03508771929824561,0.017543859649122806
745200,206.0,1,1.0,1.0
748800,233.0,2,1.0,1.0
756000,82.0,2,1.0,1.0
759600,545.0,1,1.0,1.0
766800,1.6198347107438016,242,0.38016528925619836,0.12396694214876033
770400,5.470588235294118,102,0.35294117647058826,0.14705882352941177
777600,6.954545454545454,22,0.7272727272727273,0.5454545454545454
781200,19.0,11,0.9090909090909091,0.7272727272727273
802800,2.0,1,1.0,0.0
806400,37.0,2,1.0,1.0
810000,251.5,2,1.0,1.0
817200,1.0948795180722892,1328,0.004518072289156626,0.0015060240963855422
820800,1.004024521503112,21369,0.0031821797931583136,9.359352332818569e-05
824400,1.0124992415508767,16481,0.008980037619076512,0.0005460833687276257
828000,1.1784989858012171,986,0.1592292089249493,0.016227180527383367
831600,1.1287297527706734,2346,0.11807331628303495,0.010230179028132993
835200,1.1485254691689009,1865,0.1319034852546917,0.015549597855227882
838800,1.0484756097560977,3280,0.04573170731707317,0.00274390243902439
842400,1.0079153872398499,14655,0.00764244285226885,0.00020470829068577277
846000,1.0032494885064387,33236,0.0032494885064388015,0.0
849600,1.0074015200437136,20131,0.007351845412547812,4.967463116586359e-05
853200,1.0154517015830884,10549,0.015072518722153759,0.00028438714570101434
856800,1.018677192644652,10387,0.018195821700202175,0.000481370944449793
860400,1.0116147599958887,9729,0.011409189022510022,0.00020557097337855896
864000,1.002989401213878,11039,0.0029894012138780685,0.0
867600,1.003020887277749,11586,0.0029345762126704645,8.631106507854307e-05
871200,1.0012882171075232,11644,0.001288217107523188,0.0
874800,1.0000736431254142,13579,7.364312541424258e-05,0.0
878400,1.0000706763728886,14149,7.067637288854337e-05,0.0
882000,1.0,13725,0.0,0.0
885600,1.0,4530,0.0,0.0
889200,23.0,1,1.0,1.0
896400,1.0070776680946172,5369,0.005587632706276774,0.00018625442354255913
900000,1.1509661835748792,1656,0.013285024154589372,0.0036231884057971015
910800,22.142857142857142,7,0.2857142857142857,0.14285714285714285
918000,99.0,2,1.0,1.0
921600,1.1012658227848102,711,0.029535864978902954,0.007032348804500703
925200,1.4414893617021276,188,0.09042553191489362,0.02127659574468085
928800,1.050909090909091,1375,0.03709090909090909,0.002909090909090909
932400,3.4349442379182156,269,0.03717472118959108,0.007434944237918215
961200,2.0,1,1.0,0.0
964800,1.0,1,0.0,0.0
975600,12.0,1,1.0,1.0
982800,311.0,1,1.0,1.0
997200,1.65,200,0.115,0.02
1000800,1.0725,800,0.0475,0.00375
1004400,1.913151364764268,403,0.034739454094292806,0.004962779156327543
1015200,517.0,1,1.0,1.0
1033200,16.25,12,0.8333333333333334,0.5833333333333334
1036800,20.22222222222222,9,0.8888888888888888,0.5555555555555556
1054800,1.0,1,0.0,0.0
1062000,153.0,1,1.0,1.0
1069200,169.75,4,0.75,0.5
1083600,1.1545064377682404,233,0.14163090128755365,0.012875536480686695
1087200,1.18084345961401,1399,0.1601143674052895,0.016440314510364547
1090800,1.235191637630662,1148,0.1986062717770035,0.028745644599303136
1094400,2.4110169491525424,236,0.3008474576271186,0.1440677966101695
1098000,5.346938775510204,49,0.9183673469387755,0.7142857142857143
1101600,2.9183673469387754,49,0.6122448979591837,0.3877551020408163
1105200,3.6122448979591835,49,0.8775510204081632,0.6530612244897959
1108800,5.354166666666667,48,0.9375,0.7916666666666666
1112400,3.8653846153846154,52,0.8269230769230769,0.5384615384615384
1116000,3.6065573770491803,61,0.7540983606557377,0.6229508196721312
1119600,1.1997716894977168,876,0.13013698630136986,0.026255707762557076
1123200,1.0559157212317667,1234,0.05429497568881685,0.0016207455429497568
1126800,1.0552884615384615,832,0.04326923076923077,0.006009615384615385
1130400,1.459016393442623,61,0.18032786885245902,0.06557377049180328
1137600,7.0,1,1.0,1.0
1144800,222.0,1,1.0,1.0
1155600,43.5,2,1.0,1.0
1159200,31.363636363636363,11,1.0,1.0
1162800,32.0,8,1.0,1.0
1166400,29.2,5,1.0,1.0
1170000,4.634615384615385,52,0.8846153846153846,0.6153846153846154
1173600,4.475409836065574,61,0.9016393442622951,0.6885245901639344
1177200,6.224489795918367,49,0.9387755102040817,0.8571428571428571
1180800,8.39622641509434,53,0.9622641509433962,0.9056603773584906
1184400,4.666666666666667,51,0.9607843137254902,0.8823529411764706
1188000,3.8793103448275863,58,0.9137931034482759,0.7413793103448276
1191600,35.064516129032256,31,0.8387096774193549,0.6129032258064516
1234800,719.0,1,1.0,1.0
1252800,14.11111111111111,9,0.4444444444444444,0.2222222222222222
1256400,1.005112651646447,11540,0.005112651646447141,0.0
1260000,1.0087037291867345,29068,0.008669327095087382,3.440209164717215e-05
1263600,1.0137466307277627,14840,0.013477088948787063,0.00026954177897574127
1267200,1.01917304154159,10327,0.01839837319647526,0.0006778348019754043
1270800,1.0954415954415955,2106,0.0892687559354226,0.006172839506172839
1274400,1.5072886297376094,343,0.11078717201166181,0.008746355685131196
1278000,1.256020278833967,789,0.06590621039290241,0.010139416983523447
1281600,1.0717969059896866,2521,0.0646568821896073,0.005950019833399445
1285200,1.1366251198465964,2086,0.08101629913710451,0.00862895493767977
1288800,2.1869158878504673,107,0.27102803738317754,0.21495327102803738
1292400,1.8,135,0.18518518518518517,0.13333333333333333
1296000,3.5833333333333335,24,0.25,0.125
1299600,1.2,85,0.15294117647058825,0.03529411764705882
1303200,1.391304347826087,92,0.16304347826086957,0.07608695652173914
1310400,2.0,1,1.0,0.0
1314000,5.0,1,1.0,1.0
1317600,4.0,1,1.0,1.0
1321200,46.0,1,1.0,1.0
1328400,3.715686274509804,102,0.11764705882352941,0.0196078431372549
1332000,2.9514563106796117,309,0.061488673139158574,0.032362459546925564
1335600,1.6363636363636365,66,0.16666666666666666,0.030303030303030304
1339200,1.0867302688638334,1153,0.07372072853425846,0.003469210754553339
1342800,1.94,200,0.11,0.015
1346400,1.189142857142857,1750,0.08171428571428571,0.016
1350000,1.9423558897243107,399,0.08521303258145363,0.05513784461152882
1353600,1.1036225779275484,3561,0.09407469811850604,0.008424599831508003
1357200,1.5425531914893618,470,0.10638297872340426,0.02553191489361702
1360800,1.6226415094339623,159,0.2830188679245283,0.09433962264150944
1364400,1.5212355212355213,259,0.2972972972972973,0.09652509652509653
1368000,2.1446540880503147,159,0.44654088050314467,0.24528301886792453
1371600,1.4576719576719577,378,0.17989417989417988,0.06084656084656084
1375200,1.4358288770053476,374,0.16844919786096257,0.0374331550802139
1378800,1.8305084745762712,177,0.23728813559322035,0.1016949152542373
1382400,1.048587570621469,885,0.04293785310734463,0.0022598870056497176
1386000,1.0501113585746102,898,0.043429844097995544,0.004454342984409799
1389600,1.4492753623188406,138,0.16666666666666666,0.09420289855072464
1393200,1.4166666666666667,12,0.08333333333333333,0.08333333333333333
1400400,28.0,1,1.0,1.0
1407600,1.3020833333333333,96,0.010416666666666666,0.010416666666666666
1411200,1.0222222222222221,135,0.022222222222222223,0.0
1414800,1.0701754385964912,1254,0.05342902711323764,0.001594896331738437
1418400,1.1330818965517242,1856,0.1136853448275862,0.01670258620689655
1422000,1.147037830121342,1401,0.1284796573875803,0.01284796573875803
1425600,1.1074918566775245,1228,0.09364820846905537,0.007328990228013029
1429200,1.1316239316239316,1170,0.11538461538461539,0.009401709401709401
1432800,1.217477656405164,1007,0.1807348560079444,0.025819265143992055
1436400,1.3897435897435897,585,0.13504273504273503,0.015384615384615385
1440000,1.0765999505806771,4047,0.05460835186557944,0.005189028910303929
1443600,1.0330866347409664,4594,0.030692207226817588,0.00130605137135394
1447200,1.62,200,0.205,0.1
1450800,4.634146341463414,41,0.36585365853658536,0.2926829268292683
1454400,9.391304347826088,23,0.4782608695652174,0.4782608695652174
1458000,5.545454545454546,33,0.3939393939393939,0.36363636363636365
1461600,38.0,5,0.4,0.4
1465200,1.2550143266475644,349,0.0659025787965616,0.02865329512893983
1468800,1.0516545601291365,1239,0.048426150121065374,0.003228410008071025
1472400,1.0408626560726448,881,0.039727582292849034,0.0011350737797956867
1476000,1.0342465753424657,584,0.03424657534246575,0.0
1479600,1.0384615384615385,494,0.03643724696356275,0.0020242914979757085
1483200,1.0196850393700787,762,0.01837270341207349,0.0013123359580052493
1486800,1.0094142259414225,956,0.009414225941422594,0.0
1490400,1.0050377833753148,397,0.005037783375314861,0.0
1494000,28.0,1,1.0,1.0
1501200,5.533333333333333,15,0.2,0.13333333333333333
1504800,194.0,1,1.0,1.0
1512000,1.4610687022900763,655,0.07022900763358779,0.010687022900763359
1522800,1.1219512195121952,123,0.08130081300813008,0.016260162601626018
1526400,3.3823529411764706,34,0.5,0.38235294117647056
1530000,1.1643835616438356,438,0.07077625570776255,0.02054794520547945
1533600,1.057218309859155,1136,0.05457746478873239,0.002640845070422535
1537200,1.0569892473118279,930,0.053763440860215055,0.0032258064516129032
1540800,1.0849056603773586,848,0.08018867924528301,0.0047169811320754715
1544400,1.1829268292682926,656,0.12042682926829268,0.03353658536585366
1548000,1.0511049723756907,1448,0.04834254143646409,0.0027624309392265192
1551600,1.0346129641283826,1589,0.03146633102580239,0.0031466331025802393
1555200,1.090146750524109,954,0.0870020964360587,0.0031446540880503146
1558800,1.0306513409961686,522,0.03065134099616858,0.0
1562400,1.0458333333333334,720,0.044444444444444446,0.001388888888888889
1566000,1.0020746887966805,964,0.002074688796680498,0.0
1569600,1.029810298102981,369,0.01084010840108401,0.0027100271002710027
1584000,1.0,1,0.0,0.0
1587600,116.0,1,1.0,1.0
1591200,12.0,1,1.0,1.0
1594800,23.8,5,1.0,0.8
1598400,1.0695652173913044,230,0.043478260869565216,0.008695652173913044
1602000,1.4705882352941178,323,0.10835913312693499,0.034055727554179564
1609200,2.5170454545454546,176,0.03409090909090909,0.017045454545454544
1612800,4.5,8,0.5,0.5
1616400,1.1526548672566372,452,0.0752212389380531,0.015486725663716814
1620000,1.0154924382146808,2711,0.01549243821468093,0.0
1623600,1.0287230721198877,3203,0.0280986575085857,0.0006244146113019045
1627200,1.038471673254282,3795,0.03768115942028986,0.0007905138339920949
1630800,1.0856785490931833,1599,0.06816760475297061,0.010631644777986242
1634400,1.0926640926640927,1554,0.07078507078507079,0.016087516087516088
1638000,1.023023578363384,3605,0.021914008321775313,0.0008321775312066575
1641600,1.1514563106796116,515,0.05825242718446602,0.009708737864077669
1645200,1.209009009009009,555,0.04144144144144144,0.0036036036036036037
1670400,1.0765027322404372,366,0.03278688524590164,0.00819672131147541
1674000,1.2663622526636225,657,0.1445966514459665,0.0228310502283105
1677600,1.116098144823459,1671,0.06702573309395571,0.010771992818671455
1681200,1.0781637717121588,3224,0.0716501240694789,0.004342431761786601
1684800,1.0230326295585412,3647,0.02275843158760625,0.00027419797093501506
1688400,2.4786324786324787,117,0.24786324786324787,0.17094017094017094
1692000,1.4759615384615385,416,0.21875,0.0889423076923077
1695600,1.1245196003074558,2602,0.10953112990007687,0.013066871637202153
1699200,1.0673135233474833,4947,0.0586213866990095,0.005255710531635335
1702800,1.0683287165281625,3249,0.06001846722068329,0.006463527239150508
1706400,1.1764044943820224,890,0.13370786516853933,0.016853932584269662
1710000,1.2932692307692308,832,0.1466346153846154,0.03365384615384615
1713600,1.4665354330708662,508,0.1830708661417323,0.10039370078740158
1717200,1.2719836400817996,978,0.10224948875255624,0.0541922290388548
1720800,1.050422138836773,4264,0.0450281425891182,0.0025797373358348967
1724400,1.0443363071100298,3699,0.032170856988375233,0.003784806704514734
1728000,1.008635961027458,4516,0.00841452612931798,0.00022143489813994686
1731600,1.0182203389830509,2360,0.01652542372881356,0.001271186440677966
1735200,1.0137741046831956,2178,0.013774104683195593,0.0
1738800,1.014388489208633,1112,0.013489208633093525,0.0008992805755395684
1742400,1.0013831258644537,723,0.0013831258644536654,0.0
1746000,1.007256894049347,689,0.00725689404934688,0.0
1749600,1.0,996,0.0,0.0
1753200,1.010934393638171,1006,0.010934393638170975,0.0
1756800,1.0265613783201724,1393,0.007896625987078248,0.0014357501794687725
1760400,1.0651699407545994,3207,0.04708450265045214,0.002182725288431556
1764000,1.0944055944055944,4004,0.08016983016983018,0.01048951048951049
1767600,1.0751279426816787,4885,0.06980552712384852,0.004708290685772774
1771200,1.0220554797635288,4398,0.021373351523419737,0.0006821282401091405
1774800,1.0520094562647755,2961,0.04525498142519419,0.006416751097602162
1778400,1.0543041029766693,4972,0.05128720836685439,0.0030168946098149637
1782000,1.0652914458743377,5284,0.06169568508705526,0.0034065102195306586
1785600,1.057616268122764,5311,0.053285633590660894,0.003954057616268123
1789200,1.049781181619256,3656,0.04677242888402626,0.002735229759299781
1792800,1.0216450216450217,3465,0.02106782106782107,0.0005772005772005772
1796400,1.0341440598690366,4276,0.03344246959775491,0.0007015902712815715
1800000,1.0280198188962926,5853,0.026823851016572697,0.0010251153254741158
1803600,1.034407427635172,3662,0.031676679410158386,0.0024576734025122883
1807200,1.0423832923832923,3256,0.04054054054054054,0.0018427518427518428
1810800,1.0610549132947977,2768,0.05455202312138728,0.00541907514450867
1814400,1.0693618707887436,2523,0.06619104240982956,0.0027744748315497426
1818000,1.00672697749942,4311,0.006495012758060774,0.00023196474135931338
1821600,1.14453125,256,0.1015625,0.03125
1825200,1.0591900311526479,321,0.04672897196261682,0.009345794392523364
1828800,1.0083565459610029,359,0.008356545961002786,0.0
1832400,1.022038567493113,363,0.02203856749311295,0.0
1836000,2.0282485875706215,354,0.022598870056497175,0.002824858757062147
1850400,1.5458515283842795,229,0.32751091703056767,0.1091703056768559
1854000,1.5109649122807018,456,0.3618421052631579,0.10964912280701754
1857600,1.1728624535315986,538,0.12639405204460966,0.031598513011152414
1861200,1.3777777777777778,450,0.1288888888888889,0.09111111111111111
1864800,1.6675,400,0.16,0.1375
1868400,1.1458982346832813,1926,0.06697819314641744,0.02336448598130841
1872000,1.0562913907284768,5738,0.0325897525270129,0.006796793307772743
1875600,1.0155123977036766,16374,0.015268107976059606,0.0002442897276169537
1879200,1.0277324632952691,8582,0.026567233745047776,0.0011652295502213937
1882800,1.0455376737381126,5468,0.033650329188002925,0.0036576444769568397
1886400,1.1263368983957218,1496,0.05548128342245989,0.022058823529411766
1890000,1.02122969837587,8620,0.02053364269141531,0.000580046403712297
1893600,1.0499643112062813,2802,0.03283369022127052,0.011063526052819414
1897200,1.303030303030303,495,0.1696969696969697,0.0707070707070707
1900800,1.1342710997442456,782,0.08823529411764706,0.029411764705882353
1904400,1.0727482678983833,866,0.05542725173210162,0.012702078521939953
1908000,1.0303347280334727,956,0.02510460251046025,0.0041841004184100415
1911600,1.0304114490161003,559,0.01073345259391771,0.0035778175313059034
1922400,1.0,1,0.0,0.0
1926000,212.0,1,1.0,1.0
1933200,1.3620689655172413,116,0.08620689655172414,0.06896551724137931
1936800,1.4333333333333333,750,0.10933333333333334,0.088
1940400,1.5338983050847457,354,0.17796610169491525,0.1271186440677966
1944000,1.0524737631184409,1334,0.02848575712143928,0.009745127436281859
1947600,1.3843843843843844,333,0.17717717717717718,0.1021021021021021
1951200,1.7953795379537953,303,0.2607260726072607,0.18151815181518152
1954800,1.4907749077490775,542,0.15129151291512916,0.11070110701107011
1958400,1.7762039660056657,353,0.24079320113314448,0.16147308781869688
1962000,1.7748091603053435,262,0.2862595419847328,0.17557251908396945
1965600,1.079925650557621,1076,0.07342007434944238,0.006505576208178439
1969200,1.13046875,1280,0.09609375,0.01640625
1972800,1.035818878125704,4439,0.027708943455733274,0.0051813471502590676
1976400,2.1913875598086126,209,0.42105263157894735,0.2966507177033493
1980000,1.1088435374149659,1470,0.0673469387755102,0.02312925170068027
1983600,1.0246646473388143,4622,0.023799221116399826,0.0008654262224145391
1987200,1.1324435318275154,974,0.09958932238193019,0.026694045174537988
1990800,1.0806159420289856,1104,0.06702898550724638,0.010869565217391304
1994400,1.0188235294117647,850,0.018823529411764704,0.0
1998000,1.003690036900369,1084,0.0036900369003690036,0.0
2001600,1.00871839581517,1147,0.008718395815170008,0.0
2005200,1.0174165457184325,689,0.01741654571843251,0.0
2008800,1.0236051502145922,466,0.019313304721030045,0.004291845493562232
2012400,2.619718309859155,213,0.023474178403755867,0.009389671361502348
2023200,9.785714285714286,14,0.9285714285714286,0.6428571428571429
2026800,3.433734939759036,83,0.2289156626506024,0.060240963855421686
2030400,1.034677990092003,2826,0.02689313517338995,0.005661712668082095
2034000,1.0698151950718686,2435,0.04763860369609856,0.01190965092402464
2037600,1.262002743484225,729,0.1755829903978052,0.05761316872427984
2041200,1.1603009259259258,1728,0.10821759259259259,0.027777777777777776
2044800,1.1839835728952772,2435,0.11498973305954825,0.02915811088295688
2048400,1.0429123449257678,4917,0.037014439699003455,0.003254016676835469
2052000,1.037473976405274,2882,0.03573907009021513,0.0017349063150589867
2055600,1.3087557603686637,651,0.1858678955453149,0.07219662058371736
2059200,1.1074099252209382,1471,0.08905506458191706,0.012236573759347382
2062800,1.2321428571428572,560,0.15,0.060714285714285714
2066400,1.161764705882353,544,0.11213235294117647,0.034926470588235295
2070000,1.2793017456359101,401,0.18952618453865336,0.07231920199501247
2073600,1.0245691235790246,2727,0.011367803447011368,0.0007334066740007334
2077200,1.022574740695546,3278,0.01647345942647956,0.0006101281269066504
2080800,1.0227848101265822,790,0.002531645569620253,0.0012658227848101266
2091600,5.0,1,1.0,1.0
2102400,522.0,1,1.0,1.0
2131200,36.5,2,1.0,0.5
2134800,1.1982758620689655,348,0.09482758620689655,0.005747126436781609
2138400,45.5,2,1.0,1.0
2142000,57.0,2,0.5,0.5
2149200,4.335766423357664,137,0.06569343065693431,0.0072992700729927005
2167200,3.0,1,1.0,1.0
2170800,14.0,1,1.0,1.0
2178000,6.0,1,1.0,1.0
2188800,510.0,1,1.0,1.0
2210400,17.666666666666668,6,0.8333333333333334,0.8333333333333334
2214000,7.0285714285714285,35,0.5714285714285714,0.4
2217600,4.384615384615385,52,0.5192307692307693,0.4230769230769231
2221200,3.3448275862068964,58,0.4827586206896552,0.3448275862068966
2224800,2.088607594936709,79,0.3670886075949367,0.16455696202531644
2228400,2.7866666666666666,75,0.4666666666666667,0.18666666666666668
2232000,1.2155172413793103,696,0.12643678160919541,0.017241379310344827
2235600,1.4328703703703705,864,0.0798611111111111,0.011574074074074073
2242800,2.054054054054054,74,0.33783783783783783,0.13513513513513514
2246400,1.5527638190954773,199,0.09045226130653267,0.035175879396984924
2253600,9.0,1,1.0,1.0
2271600,650.0,1,1.0,1.0
2289600,3.4482758620689653,58,0.3448275862068966,0.15517241379310345
2293200,7.146341463414634,41,0.5609756097560976,0.2926829268292683
2300400,11.307692307692308,26,0.5769230769230769,0.2692307692307692
2304000,14.65625,32,0.5,0.25
2307600,1.2932692307692308,208,0.07692307692307693,0.028846153846153848
2311200,1.9421965317919074,173,0.21965317919075145,0.09248554913294797
2314800,13.48,25,0.36,0.16
2318400,36.166666666666664,6,0.8333333333333334,0.5
2322000,15.954545454545455,22,0.7272727272727273,0.4090909090909091
2329200,36.0,5,0.6,0.6
2332800,39.2,5,1.0,0.8
2354400,2.0,1,1.0,0.0
2358000,211.0,1,1.0,1.0
2365200,2.56,25,0.56,0.2
2368800,6.0625,80,0.5625,0.2875
2372400,23.666666666666668,3,1.0,0.6666666666666666
2376000,1.3581560283687943,282,0.09929078014184398,0.04609929078014184
2379600,1.1243055555555554,1440,0.075,0.013194444444444444
2383200,1.1521984216459977,1774,0.0794813979706877,0.014656144306651634
2386800,1.1284298780487805,2624,0.06135670731707317,0.005716463414634146
2390400,1.59375,352,0.2585227272727273,0.07670454545454546
2394000,3.134453781512605,119,0.31932773109243695,0.11764705882352941
2397600,1.151866151866152,777,0.06435006435006435,0.011583011583011582
2401200,1.1026645768025078,1276,0.047021943573667714,0.007053291536050157
2404800,1.0768854064642508,2042,0.06513222331047992,0.0068560235063663075
2408400,1.6948640483383686,331,0.14501510574018128,0.04833836858006042
2412000,1.225130890052356,573,0.06806282722513089,0.013961605584642234
2415600,118.0,3,0.6666666666666666,0.6666666666666666
2437200,20.0,1,1.0,1.0
2440800,221.0,1,1.0,1.0
2455200,1.5,318,0.22641509433962265,0.07547169811320754
2458800,1.254431699687174,959,0.17518248175182483,0.03336809176225235
2462400,1.186138613861386,505,0.12079207920792079,0.023762376237623763
2466000,1.2811671087533156,754,0.1246684350132626,0.05702917771883289
2469600,1.0669354838709677,3720,0.03844086021505377,0.010752688172043012
2473200,1.2779017857142858,896,0.13727678571428573,0.036830357142857144
2476800,1.786610878661088,478,0.2280334728033473,0.0502092050209205
2480400,1.2314662273476111,1214,0.1828665568369028,0.03706754530477759
2484000,1.9204545454545454,264,0.1553030303030303,0.026515151515151516
2487600,3.5,72,0.7361111111111112,0.4722222222222222
2491200,6.095238095238095,63,0.3968253968253968,0.12698412698412698
2494800,6.666666666666667,18,0.5555555555555556,0.3888888888888889
2498400,19.25,24,0.25,0.20833333333333334
2523600,6.0,1,1.0,1.0
2527200,16.0,1,1.0,1.0
2534400,357.0,1,1.0,1.0
2541600,164.5,2,1.0,0.5
2545200,33.0,1,1.0,1.0
2548800,1.0206584893479664,1549,0.014202711426726921,0.0025823111684958036
2552400,1.0509174311926606,2180,0.0481651376146789,0.0027522935779816515
2556000,1.1562005277044856,1895,0.12137203166226913,0.016358839050131926
2559600,1.0754901960784313,4080,0.07009803921568628,0.004901960784313725
2563200,1.10925492816572,2993,0.0982292014700969,0.007684597393919144
2566800,1.8277634961439588,389,0.1928020565552699,0.038560411311053984
2570400,1.2787610619469028,452,0.08849557522123894,0.022123893805309734
2574000,1.1179661016949152,1475,0.04271186440677966,0.01288135593220339
2577600,1.1087737301180092,1949,0.044125192406362236,0.013340174448435094
2581200,1.408366533864542,502,0.0697211155378486,0.02390438247011952
2584800,1.2576808721506443,1009,0.053518334985133795,0.02081268582755203
2588400,1.1372282608695652,736,0.04076086956521739,0.016304347826086956
2592000,1.7886178861788617,246,0.032520325203252036,0.016260162601626018
2610000,292.0,1,1.0,1.0
2628000,32.333333333333336,6,0.8333333333333334,0.5
2631600,1.5305719921104537,507,0.08086785009861933,0.04339250493096647
2635200,792.0,1,1.0,1.0
2649600,1059.0,1,1.0,1.0
2685600,14.0,1,1.0,1.0
2692800,1.0,1,0.0,0.0
2696400,356.0,1,1.0,1.0
2728800,1.274787535410765,353,0.039660056657223795,0.0113314447592068
2732400,67.42857142857143,7,1.0,0.7142857142857143
2743200,1.9615384615384615,78,0.34615384615384615,0.07692307692307693
2746800,12.66,50,0.44,0.16
2764800,1.1009708737864077,515,0.017475728155339806,0.001941747572815534
2775600,14.0,1,1.0,1.0
2782800,1.0,1,0.0,0.0
2786400,21.0,1,1.0,1.0
2790000,180.0,1,1.0,1.0
2804400,1.0512129380053907,1484,0.05053908355795148,0.0006738544474393531
2808000,1.0653526970954357,964,0.06224066390041494,0.0031120331950207467
2811600,1.0665701881331404,691,0.04775687409551375,0.008683068017366137
2815200,1.3846153846153846,312,0.038461538461538464,0.016025641025641024
2818800,1.0510062456627343,2882,0.04198473282442748,0.002081887578070784
2822400,1.1563307493540051,1548,0.05426356589147287,0.00904392764857881
2826000,11.727272727272727,22,0.13636363636363635,0.13636363636363635
2836800,1.916083916083916,143,0.08391608391608392,0.04195804195804196
2840400,2.118279569892473,465,0.05591397849462366,0.03225806451612903
2869200,4.0,1,1.0,1.0
2876400,1.5,2,0.5,0.0
2880000,169.0,1,1.0,1.0
2883600,11.0,1,1.0,1.0
2887200,1.124927028604787,1713,0.03911266783420899,0.0099241097489784
2890800,1.0510791366906476,5560,0.04424460431654676,0.005935251798561151
2894400,1.0285372181201358,5011,0.027140291359010176,0.0013969267611255239
2898000,1.0208675649030563,6086,0.020538941833716726,0.00032862306933946765
2901600,1.0877371273712737,2952,0.07926829268292683,0.008130081300813009
2905200,1.103086014445174,3046,0.08995403808273145,0.01247537754432042
2908800,1.1709154113557358,1726,0.15701042873696408,0.01100811123986095
2912400,1.37292817679558,724,0.14917127071823205,0.024861878453038673
2916000,1.0453728661275832,2226,0.043575920934411504,0.0017969451931716084
2919600,1.2958199356913183,622,0.09646302250803858,0.008038585209003215
2923200,1.0858403529883673,2493,0.07019655034095468,0.008022462896109106
2926800,1.0677896466721446,2434,0.06409202958093672,0.0036976170912078883
2930400,1.1947608200455582,878,0.11161731207289294,0.04100227790432802
2934000,1.2317262830482114,643,0.12130637636080871,0.03732503888024884
2937600,1.4771784232365146,241,0.07883817427385892,0.02074688796680498
2941200,1.2022684310018903,529,0.04725897920604915,0.003780718336483932
2962800,1.0,1,0.0,0.0
2966400,177.0,1,1.0,1.0
2973600,1.7269938650306749,326,0.20245398773006135,0.05828220858895705
2977200,1.0700557966522009,3226,0.06633601983880967,0.0037197768133911966
2980800,1.019150707743547,4804,0.01706910907577019,0.0006244796003330558
2984400,1.0317710680486705,4438,0.025236593059936908,0.0015772870662460567
2988000,1.2270351008215086,1339,0.10156833457804332,0.014189693801344288
2991600,1.2050237610319077,1473,0.12219959266802444,0.01697216564833673
2995200,1.9856887298747763,559,0.11627906976744186,0.01967799642218247
3002400,1.1157270029673592,674,0.03560830860534125,0.005934718100890208
3006000,1.0385843533794572,3758,0.03113358169238957,0.0018626929217668972
3009600,1.0358191426893717,3406,0.03493834409864944,0.0008807985907222549
3013200,1.1153071500503524,1986,0.07502517623363544,0.005035246727089627
3016800,1.0643604183427193,2486,0.05229283990345937,0.0036202735317779565
3020400,1.0921717171717171,1584,0.041666666666666664,0.006944444444444444
3024000,1.0310650887573964,2028,0.021696252465483234,0.0019723865877712033
3027600,1.0176954732510288,2430,0.012345679012345678,0.0008230452674897119
3031200,1.0622775800711743,562,0.0071174377224199285,0.0017793594306049821
3034800,1.2521739130434784,345,0.005797101449275362,0.002898550724637681
3052800,1.041025641025641,585,0.017094017094017096,0.0017094017094017094
3056400,1.101139601139601,1404,0.06054131054131054,0.005698005698005698
3060000,2.197530864197531,243,0.0823045267489712,0.024691358024691357
3063600,1.0192568483862219,11061,0.01862399421390471,0.0006328541723171503
3067200,1.090871878837495,2443,0.02783462955382726,0.002046663937781416
3070800,1.085,200,0.07,0.01
3074400,1.0597514340344167,4184,0.05736137667304015,0.002390057361376673
3078000,1.3611111111111112,1260,0.07857142857142857,0.010317460317460317
3081600,16.0,3,0.6666666666666666,0.6666666666666666
3085200,1.160217983651226,1835,0.05722070844686648,0.009264305177111716
3088800,1.35929203539823,565,0.0743362831858407,0.007079646017699115
3092400,1.1398891966759004,722,0.060941828254847646,0.004155124653739612
3096000,1.4637931034482758,580,0.04827586206896552,0.013793103448275862
3099600,1.6158357771260996,341,0.04398826979472141,0.008797653958944282
3103200,1.043351548269581,2745,0.01092896174863388,0.003278688524590164
3106800,2.0,195,0.18461538461538463,0.06666666666666667
3110400,1.5770750988142292,253,0.05533596837944664,0.02766798418972332
3117600,1.355,200,0.015,0.01
3135600,2.9306930693069306,101,0.019801980198019802,0.019801980198019802
3142800,1.675,40,0.3,0.125
3146400,2.2421052631578946,190,0.13157894736842105,0.06315789473684211
3150000,1.7243589743589745,312,0.0673076923076923,0.04487179487179487
3153600,1.0237375264590263,6614,0.014363471424251588,0.0012095554883580285
3157200,1.2556521739130435,575,0.04,0.010434782608695653
3160800,1.4231311706629055,709,0.0846262341325811,0.023977433004231313
3164400,19.0,16,0.875,0.875
3168000,52.6,5,1.0,0.8
3171600,4.715686274509804,102,0.029411764705882353,0.0196078431372549
3178800,4.3478260869565215,69,0.5797101449275363,0.34782608695652173
3182400,1.6131868131868132,455,0.2043956043956044,0.06373626373626373
3186000,1.272,1000,0.127,0.02
3189600,129.0,3,0.6666666666666666,0.6666666666666666
3218400,26.0,1,1.0,1.0
3225600,140.0,1,1.0,1.0
3229200,7.375,8,0.625,0.375
3232800,75.6,5,0.4,0.4
3243600,1.76036866359447,217,0.07834101382488479,0.027649769585253458
3247200,2.1768595041322314,605,0.05454545454545454,0.006611570247933884
3261600,1.0617886178861788,1230,0.05121951219512195,0.0032520325203252032
3265200,1.220825852782765,557,0.04847396768402154,0.003590664272890485
3268800,6.7368421052631575,19,0.15789473684210525,0.05263157894736842
3272400,1.325,360,0.022222222222222223,0.011111111111111112
3276000,7.55,20,0.05,0.05
3279600,1.81496062992126,254,0.07480314960629922,0.01968503937007874
3301200,7.0,1,1.0,1.0
3308400,14.0,1,1.0,1.0
3315600,94.0,1,1.0,1.0
3319200,3.823529411764706,102,0.0392156862745098,0.029411764705882353
3337200,1.3341645885286784,401,0.05486284289276808,0.017456359102244388
3340800,441.0,1,1.0,1.0
3351600,85.0,1,1.0,1.0
3355200,137.0,2,1.0,1.0
3366000,13.5,8,0.5,0.125
3369600,57.0,1,1.0,1.0
3376800,26.5,2,1.0,1.0
3384000,3.0,1,1.0,1.0
3391200,1.0,1,0.0,0.0
3398400,90.0,1,1.0,1.0
3405600,4.0,4,0.75,0.75
3409200,59.0,2,0.5,0.5
3412800,191.0,1,1.0,1.0
3423600,18.0,8,0.625,0.375
3427200,6.625,32,0.78125,0.625
3430800,10.148148148148149,27,0.5185185185185185,0.37037037037037035
3434400,6.0,3,0.3333333333333333,0.3333333333333333
3438000,137.14285714285714,7,0.5714285714285714,0.42857142857142855
3474000,5.0,1,1.0,1.0
3477600,120.0,1,1.0,1.0
3488400,42.0,1,1.0,1.0
3492000,9.214285714285714,28,0.6428571428571429,0.5
3495600,19.4,10,0.2,0.2
3499200,1.7433628318584071,113,0.13274336283185842,0.08849557522123894
3502800,1.2339252908756888,1633,0.06674831598285365,0.004898958971218616
3510000,1.1978171896316507,1466,0.1684856753069577,0.02455661664392906
3513600,1.175417661097852,1676,0.15274463007159905,0.019689737470167064
3517200,1.1838500360490267,1387,0.14635904830569574,0.01514059120403749
3520800,1.1093959731543623,1490,0.050335570469798654,0.003355704697986577
3524400,1.0364208633093526,4448,0.03529676258992806,0.0011241007194244604
3528000,1.1039870689655173,1856,0.09913793103448276,0.004849137931034483
3531600,1.0967523680649527,1478,0.07104194857916103,0.0040595399188092015
3535200,1.0536031238906638,2817,0.050763223287184946,0.0028399006034788782
3538800,1.0709561034275406,1663,0.04690318701142514,0.0036079374624173183
3542400,1.089655172413793,870,0.04597701149425287,0.0011494252873563218
3546000,1.0278810408921932,1614,0.017967781908302356,0.0037174721189591076
3549600,1.0014113219382155,6377,0.0014113219382154618,0.0
3553200,1.0098199672667758,3055,0.0009819967266775777,0.0003273322422258593
3571200,119.0,1,1.0,1.0
3574800,1.3447098976109215,293,0.08873720136518772,0.017064846416382253
3578400,1.1440349175557711,2062,0.11057225994180407,0.013579049466537343
3582000,1.0279567940455658,11017,0.027139874739039668,0.0007261504946900245
3585600,1.0253040408003138,5098,0.024911730090231465,0.00039231071008238524
3589200,1.0756501182033098,1692,0.03723404255319149,0.002955082742316785
3592800,1.0698254364089776,2807,0.028143925899536872,0.0014250089063056644
3596400,1.7597173144876326,283,0.2332155477031802,0.05653710247349823
3600000,1.0909712722298222,2924,0.05950752393980848,0.006155950752393981
3603600,3.099099099099099,222,0.1981981981981982,0.08108108108108109
3610800,2.375,80,0.075,0.05
3614400,1.6125,320,0.04375,0.0125
3618000,1.0436824800375764,2129,0.023015500234852042,0.0032879286049788633
3621600,1.0460460460460461,2997,0.03203203203203203,0.001334668001334668
3625200,1.111304347826087,575,0.07304347826086957,0.010434782608695653
3628800,1.15995115995116,819,0.054945054945054944,0.003663003663003663
3632400,1.0086580086580086,2079,0.006253006253006253,0.000962000962000962
3636000,1.0163300386764074,2327,0.0017189514396218307,0.0004297378599054577
3654000,12.0,1,1.0,1.0
3657600,318.0,1,1.0,1.0
3664800,1.275,600,0.075,0.011666666666666667
3668400,1.0970272502064409,2422,0.05573905862923204,0.002890173410404624
3672000,1.0317416505658294,3623,0.02566933480540988,0.0019321004692243997
3675600,1.0236945366737096,6626,0.022638092363416844,0.0009055236945366737
3679200,1.0799764775066156,3401,0.07438988532784475,0.00558659217877095
3682800,1.1264973646382368,2087,0.08864398658361285,0.01629132726401533
3686400,1.1712328767123288,1752,0.09417808219178082,0.010844748858447488
3690000,1.0802579720530276,2791,0.07595843783590112,0.004299534217126478
3693600,1.0621833256563795,2171,0.0589590050667895,0.0032243205895900505
3697200,1.4539170506912442,434,0.055299539170506916,0.013824884792626729
3700800,1.1455078125,1024,0.1015625,0.0126953125
3704400,1.1043663471778489,1878,0.09371671991480299,0.009584664536741214
3708000,1.058404980729321,3373,0.056922620812333236,0.0011858879335902757
3711600,1.1133368476541907,1897,0.1043753294675804,0.00790722192936215
3715200,1.070364238410596,1208,0.05380794701986755,0.004966887417218543
3718800,1.3966666666666667,300,0.03333333333333333,0.0033333333333333335
3736800,55.0,1,1.0,1.0
3747600,1.763157894736842,152,0.07236842105263158,0.02631578947368421
3751200,1.0357313766150902,6269,0.03429574094751954,0.001276120593396076
3754800,1.1001011122345803,1978,0.0551061678463094,0.00455005055611729
3758400,1.3082191780821917,146,0.08904109589041095,0.02054794520547945
3762000,1.3926605504587155,545,0.08807339449541285,0.01834862385321101
3765600,5.916666666666667,12,0.6666666666666666,0.5
3769200,10.25925925925926,27,0.8518518518518519,0.7037037037037037
3772800,1.6253298153034301,379,0.17941952506596306,0.07387862796833773
3776400,1.3774954627949183,551,0.16515426497277677,0.038112522686025406
3780000,9.0,25,0.56,0.48
3783600,1.736,125,0.224,0.112
3787200,1.2009478672985783,1055,0.07488151658767772,0.009478672985781991
3790800,1.0457190357439734,3609,0.042671100027708506,0.002770850651149903
3794400,1.0260869565217392,4600,0.025,0.0008695652173913044
3798000,1.1062124248496994,998,0.10220440881763528,0.004008016032064128
3801600,1.3293413173652695,334,0.24251497005988024,0.059880239520958084
3805200,2.244186046511628,86,0.5116279069767442,0.22093023255813954
3808800,5.3076923076923075,13,0.38461538461538464,0.23076923076923078
3826800,178.0,1,1.0,1.0
3837600,1.6354679802955665,406,0.05172413793103448,0.019704433497536946
3841200,1.455813953488372,215,0.15348837209302327,0.05581395348837209
3844800,1.0351208459214503,2648,0.034365558912386705,0.0007552870090634441
3848400,1.0534495830174375,2638,0.051933282789992416,0.001516300227445034
3852000,1.0672696438665914,3538,0.047484454494064444,0.0033917467495760316
3855600,1.0418982471141514,4678,0.04082941427960667,0.0008550662676357417
3859200,1.0868167202572347,2488,0.08239549839228295,0.0044212218649517685
3862800,1.0515800944424265,2753,0.05012713403559753,0.001452960406828914
3866400,1.0527182866556837,2428,0.04983525535420099,0.002883031301482702
3870000,1.0708074534161491,2415,0.0670807453416149,0.0037267080745341614
3873600,1.0894151764137265,2069,0.08264862252295795,0.005799903334944417
3877200,1.0916230366492146,1528,0.0824607329842932,0.009162303664921465
3880800,1.2514124293785311,354,0.211864406779661,0.031073446327683617
3884400,1.5161290322580645,186,0.3387096774193548,0.12365591397849462
3888000,1.0106064099608023,4337,0.006686649757897164,0.001152870647913304
3891600,1.0769230769230769,754,0.054376657824933686,0.017241379310344827
3895200,1.62,150,0.06666666666666667,0.03333333333333333
3909600,6.0,1,1.0,1.0
3916800,145.0,1,1.0,1.0
3927600,1.1071428571428572,84,0.10714285714285714,0.0
3931200,1.1899038461538463,416,0.17548076923076922,0.014423076923076924
3934800,1.0446232626188734,1367,0.03950256035113387,0.0036576444769568397
3938400,1.0233761598857958,5604,0.023197715917202,0.00017844396859386153
3942000,1.0382660687593424,3345,0.03348281016442452,0.0038863976083707025
3945600,1.0428310263776444,3829,0.042308696787673024,0.0005223295899712719
3949200,1.079464988198269,1271,0.07002360346184107,0.006294256490952006
3952800,1.1378504672897196,428,0.11448598130841121,0.016355140186915886
3956400,1.186335403726708,483,0.13871635610766045,0.035196687370600416
3960000,1.2481060606060606,528,0.1856060606060606,0.03409090909090909
3963600,1.2710084033613445,476,0.21218487394957983,0.04411764705882353
3967200,1.53125,192,0.2760416666666667,0.06770833333333333
3970800,1.0168539325842696,3560,0.016853932584269662,0.0
3974400,1.4538799414348462,683,0.014641288433382138,0.0014641288433382138
4010400,1.0118095238095237,5250,0.010476190476190476,0.001142857142857143
4014000,1.1490787269681741,597,0.1306532663316583,0.01507537688442211
4017600,1.2394366197183098,284,0.19718309859154928,0.035211267605633804
4021200,1.434065934065934,182,0.21428571428571427,0.04395604395604396
4024800,1.0483005366726297,2236,0.023255813953488372,0.0031305903398926656
4028400,1.0841300191204588,1569,0.06309751434034416,0.015296367112810707
4032000,1.3540372670807452,483,0.2546583850931677,0.045548654244306416
4035600,1.9466019417475728,206,0.33495145631067963,0.07766990291262135
4039200,1.3106060606060606,264,0.23863636363636365,0.03409090909090909
4042800,1.3433734939759037,332,0.2620481927710843,0.06325301204819277
4046400,2.0362173038229376,497,0.07847082494969819,0.02012072434607646
4057200,23.666666666666668,9,0.5555555555555556,0.4444444444444444
4064400,10.25,4,0.5,0.5
4068000,38.0,1,1.0,1.0
4075200,399.0,1,1.0,1.0
4100400,143.0,1,1.0,1.0
4104000,49.0,1,1.0,1.0
4107600,61.0,2,1.0,0.5
4111200,13.173913043478262,23,0.4782608695652174,0.2608695652173913
4114800,42.25,8,1.0,1.0
4118400,147.66666666666666,3,1.0,1.0
4129200,2.875,8,0.5,0.25
4132800,20.2,15,0.4666666666666667,0.3333333333333333
4140000,1.032422417786012,2159,0.024085224641037517,0.0013895321908290875
4143600,1.028560830860534,2696,0.02596439169139466,0.000370919881305638
4147200,1.0089718719689622,4124,0.008971871968962172,0.0
4150800,1.0327272727272727,1925,0.004675324675324675,0.0005194805194805195
4165200,6.0,1,1.0,1.0
4172400,185.0,2,0.5,0.5
4183200,1.0396825396825398,252,0.03968253968253968,0.0
4186800,1.3475650433622415,1499,0.06270847231487658,0.00533689126084056
4197600,12.142857142857142,14,1.0,1.0
4201200,12.95,20,0.85,0.75
4204800,2.033707865168539,178,0.15168539325842698,0.08426966292134831
4208400,1.1516634050880625,1022,0.06653620352250489,0.009784735812133072
4212000,7.454545454545454,11,0.7272727272727273,0.6363636363636364
4215600,1.0354871108135253,2987,0.01975225979243388,0.0016739203213927017
4219200,1.3468950749464668,467,0.044967880085653104,0.004282655246252677
4222800,1.049446668236402,4247,0.027548858017424065,0.0007063809748057452
4226400,1.3204633204633205,259,0.12355212355212356,0.03474903474903475
4230000,1.375,328,0.04573170731707317,0.009146341463414634
4233600,1.3654618473895583,249,0.028112449799196786,0.004016064257028112
4244400,16.0,1,1.0,1.0
4251600,2.0,1,1.0,0.0
4255200,2.0,1,1.0,0.0
4258800,1.0,1,0.0,0.0
4262400,107.0,1,1.0,1.0
4266000,1.3333333333333333,102,0.029411764705882353,0.0196078431372549
4269600,13.1,20,0.9,0.7
4273200,1.266090297790586,1041,0.08165225744476465,0.01633045148895293
4280400,1.0380952380952382,1680,0.017261904761904763,0.0035714285714285713
4284000,1.3183673469387756,735,0.07755102040816327,0.05170068027210884
4287600,6.804347826086956,46,0.8478260869565217,0.717391304347826
4291200,4.415384615384616,65,0.9384615384615385,0.8615384615384616
4294800,46.8,5,0.8,0.8
4298400,1.4342105263157894,152,0.11842105263157894,0.05263157894736842
4302000,1.4071428571428573,280,0.17857142857142858,0.06785714285714285
4305600,1.4320987654320987,324,0.12654320987654322,0.037037037037037035
4309200,6.0,44,0.7727272727272727,0.5227272727272727
4312800,3.1724137931034484,87,0.6781609195402298,0.367816091954023
4316400,1.9126984126984128,126,0.4523809523809524,0.18253968253968253
4320000,2.84,25,0.68,0.44
4323600,10.047619047619047,21,0.7142857142857143,0.47619047619047616
4348800,1.5277777777777777,36,0.2777777777777778,0.1111111111111111
4352400,1.5244755244755244,143,0.34965034965034963,0.0979020979020979
4356000,2.42,150,0.6133333333333333,0.3466666666666667
4359600,5.782608695652174,46,0.5217391304347826,0.32608695652173914
4363200,1.0970636215334422,1226,0.06606851549755302,0.018760195758564437
4366800,1.0372723422278696,2361,0.03430749682337993,0.0012706480304955528
4370400,1.5993265993265993,297,0.09427609427609428,0.020202020202020204
4374000,6.636363636363637,55,0.32727272727272727,0.10909090909090909
4377600,2.2314814814814814,108,0.5833333333333334,0.3425925925925926
4381200,1.1953216374269007,855,0.13567251461988303,0.03508771929824561
4384800,1.2322456813819578,521,0.1324376199616123,0.02111324376199616
4388400,1.305732484076433,157,0.20382165605095542,0.050955414012738856
4392000,1.228643216080402,398,0.17587939698492464,0.04020100502512563
4395600,1.3665480427046264,281,0.20284697508896798,0.0711743772241993
4399200,1.0693069306930694,1212,0.0627062706270627,0.006600660066006601
4402800,1.1016949152542372,531,0.08097928436911488,0.009416195856873822
4406400,1.36919315403423,409,0.19315403422982885,0.06356968215158924
4410000,1.1911764705882353,408,0.14215686274509803,0.0196078431372549
4413600,1.1098591549295775,355,0.03380281690140845,0.008450704225352112
4417200,1.0258823529411765,850,0.021176470588235293,0.002352941176470588
4420800,9.0,1,1.0,1.0
4428000,4.0,1,1.0,1.0
4435200,4.5,2,1.0,1.0
4438800,1.2179054054054055,592,0.10472972972972973,0.016891891891891893
4442400,2.6982758620689653,116,0.22413793103448276,0.08620689655172414
4446000,1.0870327102803738,1712,0.0344626168224299,0.009345794392523364
4449600,1.0052337337932675,16814,0.0030926608778398955,0.0002973712382538361
4453200,8.76923076923077,13,0.46153846153846156,0.38461538461538464
4456800,7.44,25,0.24,0.12
4460400,1.4543973941368078,614,0.20846905537459284,0.04071661237785016
4464000,1.1528716216216217,1184,0.07685810810810811,0.006756756756756757
4467600,1.1341600901916573,887,0.0777903043968433,0.005636978579481398
4471200,1.0564603691639523,921,0.03908794788273615,0.0054288816503800215
4474800,2.6506024096385543,83,0.2891566265060241,0.0963855421686747
4478400,1.0604026845637584,149,0.053691275167785234,0.006711409395973154
4482000,1.5687732342007434,538,0.07992565055762081,0.0055762081784386614
4489200,1.1335227272727273,1056,0.026515151515151516,0.001893939393939394
4521600,63.0,1,1.0,1.0
4528800,1.0225409836065573,488,0.018442622950819672,0.0020491803278688526
4532400,1.0227777777777778,1800,0.01611111111111111,0.0005555555555555556
4536000,1.8666666666666667,30,0.13333333333333333,0.03333333333333333
4539600,1.7150259067357514,193,0.046632124352331605,0.015544041450777202
4546800,1.0363735070575462,1842,0.02985884907709012,0.002171552660152009
4550400,1.0551065393093313,1361,0.027920646583394562,0.0014695077149155032
4554000,1.294871794871795,234,0.038461538461538464,0.004273504273504274
4557600,1.0485074626865671,536,0.016791044776119403,0.0037313432835820895
4561200,1.043175487465181,1436,0.02158774373259053,0.002785515320334262
4564800,1.0228215767634854,1928,0.022821576763485476,0.0
4568400,1.0225326723749437,2219,0.021631365479945923,0.0004506534474988734
4572000,1.0303413400758534,2373,0.029498525073746312,0.0008428150021070375
4575600,1.0258397932816536,1548,0.018733850129198967,0.001937984496124031
4579200,1.0122917235727944,3661,0.012291723572794318,0.0
4582800,1.063345966432052,1847,0.014618299945858148,0.0005414185165132648
4600800,77.0,1,1.0,1.0
4611600,18.5,2,1.0,1.0
4615200,20.333333333333332,6,0.8333333333333334,0.6666666666666666
4618800,5.5,6,0.5,0.3333333333333333
4622400,82.5,2,0.5,0.5
4629600,44.5,2,0.5,0.5
4633200,50.333333333333336,3,1.0,1.0
4640400,1.510204081632653,49,0.12244897959183673,0.061224489795918366
4644000,3.169230769230769,65,0.06153846153846154,0.03076923076923077
4651200,4.866666666666666,15,0.06666666666666667,0.06666666666666667
4654800,2.842857142857143,70,0.14285714285714285,0.05714285714285714
4662000,2.0,67,0.22388059701492538,0.05970149253731343
4665600,32.75,4,0.25,0.25
4690800,3.0,1,1.0,1.0
4694400,389.0,1,1.0,1.0
4708800,1.188612099644128,281,0.05338078291814947,0.010676156583629894
4712400,4.306451612903226,62,0.11290322580645161,0.03225806451612903
4716000,1.2704761904761905,525,0.06285714285714286,0.007619047619047619
4719600,1.9664179104477613,268,0.19776119402985073,0.029850746268656716
4723200,1.619047619047619,231,0.21645021645021645,0.04329004329004329
4726800,1.1116883116883116,1540,0.08506493506493507,0.008441558441558441
4730400,1.0289228723404256,3008,0.02726063829787234,0.0016622340425531915
4734000,1.047034764826176,1467,0.03953646898432175,0.0027266530334014998
4737600,1.1782178217821782,707,0.10183875530410184,0.015558698727015558
4741200,1.1173959445037354,937,0.10885805763073639,0.0064034151547491995
4744800,1.2066420664206643,542,0.08487084870848709,0.01107011070110701
4748400,1.1199186991869918,492,0.07723577235772358,0.012195121951219513
4752000,1.1348511383537654,571,0.12609457092819615,0.008756567425569177
4755600,1.0952879581151833,955,0.032460732984293195,0.004188481675392671
4766400,4.0,1,1.0,1.0
4773600,12.0,1,1.0,1.0
4777200,80.0,1,1.0,1.0
4784400,1.1444444444444444,180,0.1111111111111111,0.027777777777777776
4788000,1.261271676300578,865,0.18497109826589594,0.03005780346820809
4791600,1.308910891089109,505,0.21782178217821782,0.05148514851485148
4795200,3.0416666666666665,24,0.08333333333333333,0.08333333333333333
4798800,1.08,875,0.07657142857142857,0.0034285714285714284
4802400,1.3480885311871227,497,0.22736418511066397,0.05030181086519115
4806000,1.382716049382716,648,0.2623456790123457,0.05555555555555555
4809600,1.2769726247987117,621,0.18357487922705315,0.0322061191626409
4813200,1.1472803347280334,1195,0.09874476987447699,0.014225941422594143
4816800,1.1069651741293531,804,0.09079601990049752,0.013681592039800995
4820400,1.115549215406562,701,0.07703281027104136,0.012838801711840228
4824000,2.3714285714285714,70,0.2857142857142857,0.15714285714285714
4827600,1.1280788177339902,609,0.08702791461412152,0.008210180623973728
4831200,5.586206896551724,29,0.13793103448275862,0.034482758620689655
4834800,1.0463709677419355,1488,0.04099462365591398,0.0020161290322580645
4838400,1.0315203955500618,1618,0.023485784919653894,0.0030902348578491965
4842000,1.0132530120481928,1660,0.012650602409638554,0.0006024096385542169
4845600,1.0140148392415498,1213,0.014014839241549877,0.0
4849200,1.0100946372239747,1585,0.010094637223974764,0.0
4852800,1.0254476908576815,1061,0.00471253534401508,0.001885014137606032
4856400,1.0321951219512195,1025,0.004878048780487805,0.000975609756097561
4860000,1.0,338,0.0,0.0
4863600,1.0,687,0.0,0.0
4867200,1.0458089668615984,1026,0.003898635477582846,0.0009746588693957114
4870800,1.1160975609756099,1025,0.018536585365853658,0.000975609756097561
4874400,1.0832025117739403,1274,0.05102040816326531,0.005494505494505495
4878000,2.317073170731707,82,0.3170731707317073,0.10975609756097561
4881600,1.051985559566787,1385,0.03537906137184116,0.004332129963898917
4885200,1.0604133545310015,1887,0.05140434552199258,0.0021197668256491787
4888800,1.149643705463183,1263,0.07363420427553444,0.019002375296912115
4892400,1.4188790560471976,678,0.2536873156342183,0.08112094395280237
4896000,1.1102873030583873,2158,0.06719184430027804,0.014365152919369786
4899600,1.044220870379036,4274,0.03462798315395414,0.004211511464670099
4903200,1.0324514991181657,2835,0.021516754850088183,0.0028218694885361554
4906800,1.0453423812461444,3242,0.03300431832202344,0.003701418877236274
4910400,1.1045969353764158,1501,0.059293804130579615,0.023317788141239172
4914000,1.056326530612245,2450,0.037959183673469385,0.009795918367346938
4917600,1.0666666666666667,2460,0.046341463414634146,0.00853658536585366
4921200,1.0380171449869549,2683,0.034662691017517705,0.003354453969437197
4924800,1.0719424460431655,556,0.07194244604316546,0.0
4928400,1.0079756931257122,2633,0.007975693125712115,0.0
4932000,1.0187901008249312,2182,0.008707607699358386,0.00045829514207149406
4935600,1.0092637737688932,2051,0.0024378352023403218,0.00048756704046806434
4939200,1.0,1171,0.0,0.0
4942800,1.0087527352297594,914,0.0032822757111597373,0.0010940919037199124
4946400,1.0054759898904801,2374,0.005475989890480202,0.0
4950000,1.0020576131687242,2430,0.00205761316872428,0.0
4953600,1.011837655016911,1774,0.011837655016910935,0.0
4957200,1.1785714285714286,448,0.15401785714285715,0.020089285714285716
4960800,1.0505127231295102,2633,0.04481579946828713,0.004937333839726547
4964400,1.0442334414080592,4318,0.04029643353404354,0.003473830477072719
4968000,1.0244692335372436,2779,0.024109391867578267,0.0003598416696653472
4971600,1.0327308255984367,2047,0.024425989252564728,0.0029311187103077674
4975200,1.040398740818468,3812,0.03541448058761805,0.004459601259181532
4978800,1.219090909090909,1100,0.19272727272727272,0.023636363636363636
4982400,1.3293650793650793,756,0.23015873015873015,0.04365079365079365
4986000,1.0821389195148843,1814,0.0711135611907387,0.007717750826901874
4989600,1.0886777513855899,1263,0.08234362628661916,0.006334125098970704
4993200,1.058879694462126,3142,0.02991725015913431,0.0038192234245703373
4996800,1.102439024390244,1025,0.023414634146341463,0.002926829268292683
5000400,19.375,8,1.0,1.0
5004000,1.0759717314487633,1132,0.026501766784452298,0.00530035335689046
5007600,1.2511627906976743,430,0.07441860465116279,0.030232558139534883
5011200,1.0365203118588429,2437,0.034058268362741076,0.0012310217480508822
5014800,1.0106185293336873,3767,0.010618529333687284,0.0
5018400,1.0095238095238095,1680,0.009523809523809525,0.0
5022000,1.0066528066528067,2405,0.0058212058212058215,0.0008316008316008316
5025600,1.000451467268623,2215,0.0004514672686230248,0.0
5029200,1.0740740740740742,27,0.037037037037037035,0.037037037037037035
5032800,1.0029268292682927,2050,0.0014634146341463415,0.000975609756097561
5036400,1.0195121951219512,1025,0.000975609756097561,0.000975609756097561
5040000,1.0292682926829269,1025,0.001951219512195122,0.000975609756097561
5043600,1.0400219298245614,1824,0.013706140350877192,0.001644736842105263
5047200,1.0386977886977886,3256,0.027948402948402947,0.006449631449631449
5050800,1.0382634289919057,2718,0.023914643119941133,0.008830022075055188
5054400,1.0239958268127283,1917,0.022952529994783515,0.0010432968179447052
5058000,1.0397727272727273,2992,0.038101604278074866,0.0016711229946524064
5061600,1.1540642722117203,1058,0.14083175803402648,0.012287334593572778
5065200,1.0691699604743083,2024,0.060770750988142296,0.00691699604743083
5068800,1.2068493150684931,730,0.16712328767123288,0.030136986301369864
5072400,1.0885896527285612,1411,0.06945428773919206,0.012756909992912827
5076000,1.3527272727272728,275,0.27636363636363637,0.05818181818181818
5079600,1.2,265,0.1660377358490566,0.03018867924528302
5083200,2.973684210526316,38,0.18421052631578946,0.02631578947368421
5086800,1.105740181268882,331,0.09969788519637462,0.006042296072507553
5090400,1.1710526315789473,380,0.14473684210526316,0.02368421052631579
5094000,1.0105295757200372,3229,0.010529575720037163,0.0
5097600,1.26171875,256,0.00390625,0.00390625
5101200,1.0210166177908113,2046,0.009775171065493646,0.0004887585532746823
5108400,1.0009775171065494,2046,0.0004887585532746823,0.0004887585532746823
5115600,1.00341796875,2048,0.00146484375,0.00048828125
5122800,1.0009779951100244,2045,0.0009779951100244498,0.0
5126400,1.0030425963488845,2958,0.0030425963488843813,0.0
5130000,1.0088028169014085,1136,0.0008802816901408451,0.0008802816901408451
5133600,1.005493298176225,4551,0.005493298176225006,0.0
5137200,1.0131810193321618,2276,0.005272407732864675,0.0008787346221441124
5140800,1.006428284451587,4978,0.00622740056247489,0.0002008838891120932
5144400,1.019620253164557,3160,0.008544303797468355,0.0006329113924050633
5148000,1.0059701492537314,8040,0.005970149253731343,0.0
5151600,1.04839617332583,1777,0.010692177827799663,0.0011254924029262803
5155200,1.0144424385502013,7201,0.011942785724204971,0.00013886960144424384
5158800,1.0176600441501105,4077,0.010792249202845229,0.0009811135638950208
5162400,1.0104929233772573,4098,0.00634455832113226,0.0004880429477794046
5166000,1.007405578869415,4051,0.004196494692668477,0.00024685262898049864
5169600,1.0251694094869312,2066,0.00484027105517909,0.000484027105517909
5173200,1.055636896046852,1366,0.005124450951683748,0.0007320644216691069
5176800,1.0046332046332047,1295,0.004633204633204633,0.0
5180400,1.6857142857142857,70,0.02857142857142857,0.014285714285714285
5187600,1.0146412884333822,1366,0.0021961932650073207,0.0007320644216691069
5194800,3.0,1,1.0,1.0
5198400,6.0,1,1.0,1.0
5202000,11.0,1,1.0,1.0
5209200,1.007320644216691,1366,0.0021961932650073207,0.0007320644216691069
5212800,158.0,1,1.0,1.0
5230800,1.0226939970717424,1366,0.0029282576866764276,0.0007320644216691069
5234400,1.0732064421669107,4098,0.0036603221083455345,0.0002440214738897023
5252400,1.0387994143484627,1366,0.005124450951683748,0.0007320644216691069
5256000,1.0444119082479257,4098,0.0061005368472425575,0.0002440214738897023
